{"RuleTriggered": 0, "Violations": 0, "Details": {"step_num": {"first": 1741899284947804, "last": 1741902354640076}, "job_start": 1741899183.001392, "job_end": 1741902359.501407}, "Datapoints": 984, "RuleParameters": "threshold:20"}