{"RuleTriggered": 0, "Violations": 0, "Details": {"step_details": {"algo-1-53": {"step_stats": {"mean": 0.9219163211678831, "max": 3.489943, "p99": 1.4063778399999989, "p95": 1.1045637999999998, "p50": 0.897148, "min": 0.101768}, "number_of_outliers": 1, "phase": "Step:ModeKeys.EVAL", "stddev": 0.28, "probs": [3, 1, 0, 1, 0, 0, 0, 0, 0, 0, 0, 0, 0, 0, 0, 0, 0, 0, 0, 0, 0, 0, 0, 0, 0, 0, 0, 0, 0, 0, 0, 0, 0, 0, 0, 0, 0, 0, 0, 0, 0, 0, 0, 0, 0, 0, 0, 0, 0, 0, 0, 0, 0, 0, 0, 0, 0, 6, 36, 34, 17, 7, 3, 4, 1, 0, 2, 2, 2, 1, 0, 3, 2, 2, 3, 1, 1, 0, 2, 0, 0, 0, 0, 0, 0, 0, 0, 0, 0, 0, 0, 0, 0, 1, 0, 0, 0, 0, 0, 1], "binedges": [0.101768, 0.11514235, 0.12851669999999998, 0.14189105, 0.1552654, 0.16863975, 0.1820141, 0.19538845, 0.2087628, 0.22213715, 0.2355115, 0.24888585, 0.2622602, 0.27563455000000003, 0.2890089, 0.30238325, 0.31575759999999997, 0.32913195, 0.34250630000000004, 0.35588065, 0.369255, 0.38262935, 0.39600369999999996, 0.40937805000000005, 0.42275240000000003, 0.43612675, 0.4495011, 0.46287544999999997, 0.47624979999999995, 0.48962415000000004, 0.5029985, 0.51637285, 0.5297472, 0.54312155, 0.5564959, 0.56987025, 0.5832446, 0.59661895, 0.6099933, 0.6233676499999999, 0.636742, 0.65011635, 0.6634907, 0.67686505, 0.6902394, 0.7036137499999999, 0.7169881, 0.73036245, 0.7437368, 0.75711115, 0.7704854999999999, 0.78385985, 0.7972342, 0.81060855, 0.8239829, 0.8373572499999999, 0.8507315999999999, 0.86410595, 0.8774803, 0.89085465, 0.904229, 0.9176033499999999, 0.9309777, 0.94435205, 0.9577264, 0.97110075, 0.9844750999999999, 0.99784945, 1.0112238, 1.02459815, 1.0379725, 1.05134685, 1.0647212000000001, 1.07809555, 1.0914699, 1.1048442500000002, 1.1182186, 1.1315929500000002, 1.1449673, 1.1583416500000001, 1.1717160000000002, 1.18509035, 1.1984647000000002, 1.21183905, 1.2252134000000001, 1.23858775, 1.2519621, 1.2653364500000002, 1.2787108, 1.2920851500000001, 1.3054595, 1.31883385, 1.3322082000000002, 1.34558255, 1.3589569000000001, 1.37233125, 1.3857056, 1.3990799500000002, 1.4124543, 1.4258286500000001, 1.439203], "step_numbers": ["0"]}}}, "Datapoints": 984, "RuleParameters": "threshold:3\nmode:None\nn_outliers:10\nstddev:3"}